tweet_id,timestamp,text,rating_numerator,rating_denominator,name,dog_rating,dog_stage,jpg_url,img_num,p1,p1_conf,p1_dog,p2,p2_conf,p2_dog,p3,p3_conf,p3_dog,retweet_count,favorite_count
890240255349198849,2017-07-26 15:59:51+00:00,This is Cassie. She is a college pup. Studying international doggo communication and stick theory. 14/10 so elegant much sophisticate https://t.co/t1bfwz5S2A,14,10,Cassie,1.4,doggo,https://pbs.twimg.com/media/DFrEyVuW0AAO3t9.jpg,1,Pembroke,0.511319,True,Cardigan,0.451038,True,Chihuahua,0.0292482,True,6101,27963
884162670584377345,2017-07-09 21:29:42+00:00,Meet Yogi. He doesn't have any important dog meetings today he just enjoys looking his best at all times. 12/10 for dangerously dapper doggo https://t.co/YSI00BzTBZ,12,10,Yogi,1.2,doggo,https://pbs.twimg.com/media/DEUtQbzW0AUTv_o.jpg,1,German_shepherd,0.707046,True,malinois,0.199396,True,Norwegian_elkhound,0.0491476,True,2505,17947
872967104147763200,2017-06-09 00:02:31+00:00,Here's a very large dog. He has a date later. Politely asked this water person to check if his breath is bad. 12/10 good to go doggo https://t.co/EMYIdoblMR,12,10,None,1.2,doggo,https://pbs.twimg.com/media/DB1m871XUAAw5vZ.jpg,2,Labrador_retriever,0.476913,True,Chesapeake_Bay_retriever,0.174145,True,German_short-haired_pointer,0.0928614,True,4563,24084
871515927908634625,2017-06-04 23:56:03+00:00,This is Napolean. He's a Raggedy East Nicaraguan Zoom Zoom. Runs on one leg. Built for deception. No eyes. Good with kids. 12/10 great doggo https://t.co/PR7B7w1rUw,12,10,Napolean,1.2,doggo,https://pbs.twimg.com/media/DBg_HT9WAAEeIMM.jpg,2,komondor,0.974781,True,briard,0.0200413,True,swab,0.00322824,False,2941,17890
869596645499047938,2017-05-30 16:49:31+00:00,This is Scout. He just graduated. Officially a doggo now. Have fun with taxes and losing sight of your ambitions. 12/10 would throw cap for https://t.co/DsA2hwXAJo,12,10,Scout,1.2,doggo,https://pbs.twimg.com/media/DBFtiYqWAAAsjj1.jpg,1,Chihuahua,0.955156,True,toy_terrier,0.00805373,True,muzzle,0.00629563,False,2640,14209
858843525470990336,2017-05-01 00:40:27+00:00,I have stumbled puppon a doggo painting party. They're looking to be the next Pupcasso or Puppollock. All 13/10 would put it on the fridge https://t.co/cUeDMlHJbq,13,10,None,1.3,doggo,https://pbs.twimg.com/media/C-s5oYZXkAAMHHq.jpg,1,golden_retriever,0.57812,True,Labrador_retriever,0.286059,True,bloodhound,0.0269173,True,3028,14129
854010172552949760,2017-04-17 16:34:26+00:00,"At first I thought this was a shy doggo, but it's actually a Rare Canadian Floofer Owl. Amateurs would confuse the two. 11/10 only send dogs https://t.co/TXdT3tmuYk",11,10,None,1.1,doggo,https://pbs.twimg.com/media/C9oNt91WAAAFSLS.jpg,1,English_springer,0.354733,True,collie,0.177538,True,Border_collie,0.131706,True,2796,14845
846514051647705089,2017-03-28 00:07:32+00:00,This is Barney. He's an elder doggo. Hitches a ride when he gets tired. Waves goodbye before he leaves. 13/10 please come back soon https://t.co/cFAasDXauK,13,10,Barney,1.3,doggo,https://pbs.twimg.com/media/C79sB4xXwAEvwKY.jpg,2,golden_retriever,0.650003,True,Leonberg,0.0651992,True,Norfolk_terrier,0.0529553,True,10405,41256
845397057150107648,2017-03-24 22:08:59+00:00,"Say hello to Mimosa. She's an emotional support doggo who helps her owner with PTSD. 13/10, but she needs your help

https://t.co/L6mLzrd7Mx https://t.co/jMutBFdw5o",13,10,Mimosa,1.3,doggo,https://pbs.twimg.com/media/C7t0IzLWkAINoft.jpg,1,Dandie_Dinmont,0.394404,True,Maltese_dog,0.186537,True,West_Highland_white_terrier,0.181985,True,1622,7094
836753516572119041,2017-03-01 01:42:39+00:00,This is Meera. She just heard about taxes and how much a doghouse in a nice area costs. Not pupared to be a  doggo anymore. 12/10 https://t.co/GZmNEdyoJY,12,10,Meera,1.2,doggo,https://pbs.twimg.com/media/C5y-4VwWcAIcaoj.jpg,1,mortarboard,0.936882,False,academic_gown,0.0208154,False,schipperke,0.0115635,True,4271,18161
834574053763584002,2017-02-23 01:22:14+00:00,Here's a doggo fully pupared for a shower. H*ckin exquisite balance. Sneaky tongue slip too. 13/10 https://t.co/UtEVnQ1ZPg,13,10,None,1.3,doggo,https://pbs.twimg.com/media/C5UAqgyXAAAbMWH.jpg,1,toilet_tissue,0.262936,False,golden_retriever,0.226564,True,bathtub,0.07887899999999999,False,2318,12829
832998151111966721,2017-02-18 17:00:10+00:00,"This is Rhino. He arrived at a shelter with an elaborate doggo manual for his new family, written by someone who will always love him. 13/10 https://t.co/QX1h0oqMz0",13,10,Rhino,1.3,doggo,https://pbs.twimg.com/media/C49nZavUYAEJjGw.jpg,1,boxer,0.539036,True,French_bulldog,0.317617,True,bull_mastiff,0.0939285,True,2026,12455
832273440279240704,2017-02-16 17:00:25+00:00,Say hello to Smiley. He's a blind therapy doggo having a h*ckin blast high steppin around in the snow. 14/10 would follow anywhere https://t.co/SHAb1wHjMz,14,10,Smiley,1.4,doggo,https://pbs.twimg.com/ext_tw_video_thumb/832273373149413377/pu/img/qOqxM0b48fEarmq6.jpg,1,Pembroke,0.134081,True,ice_bear,0.0519278,False,pug,0.0443109,True,2149,10669
832032802820481025,2017-02-16 01:04:13+00:00,"This is Miguel. He was the only remaining doggo at the adoption center after the weekend. Let's change that. 12/10

https://t.co/P0bO8mCQwN https://t.co/SU4K34NT4M",12,10,Miguel,1.2,doggo,https://pbs.twimg.com/media/C4v5a4UWcAIRygc.jpg,1,whippet,0.601712,True,Ibizan_hound,0.152662,True,Italian_greyhound,0.135055,True,4308,16799
831939777352105988,2017-02-15 18:54:34+00:00,This is Emanuel. He's a h*ckin rare doggo. Dwells in a semi-urban environment. Round features make him extra collectible. 12/10 would so pet https://t.co/k9bzgyVdUT,12,10,Emanuel,1.2,doggo,https://pbs.twimg.com/media/C4uk0EWWQAAaZm1.jpg,1,Pomeranian,0.153862,True,marmot,0.0912339,False,grey_fox,0.0906441,False,5667,22503
831322785565769729,2017-02-14 02:02:51+00:00,This is Pete. He has no eyes. Needs a guide doggo. Also appears to be considerably fluffy af. 12/10 would hug softly https://t.co/Xc0gyovCtK,12,10,Pete,1.2,doggo,https://pbs.twimg.com/media/C4lzqQ4UEAApzU0.jpg,1,Old_English_sheepdog,0.999715,True,Tibetan_terrier,4.62967e-05,True,guinea_pig,4.118430000000001e-05,False,1447,8759
829449946868879360,2017-02-08 22:00:52+00:00,Here's a stressed doggo. Had a long day. Many things on her mind. The hat communicates these feelings exquisitely. 11/10 https://t.co/fmRS43mWQB,11,10,None,1.1,doggo,https://pbs.twimg.com/media/C4LMUf8WYAkWz4I.jpg,1,Labrador_retriever,0.315163,True,golden_retriever,0.15321,True,Pekinese,0.13279100000000002,True,1863,9892
828381636999917570,2017-02-05 23:15:47+00:00,Meet Doobert. He's a deaf doggo. Didn't stop him on the field tho. Absolute legend today. 14/10 would pat head approvingly https://t.co/iCk7zstRA9,14,10,Doobert,1.4,doggo,https://pbs.twimg.com/media/C38Asz1WEAAvzj3.jpg,1,Bedlington_terrier,0.392535,True,Labrador_retriever,0.0890217,True,clumber,0.0817998,True,2064,11885
826958653328592898,2017-02-02 01:01:21+00:00,This is Loki. He smiles like Elvis. Ain't nothin but a hound doggo. 12/10 https://t.co/QV5nx6otZR,12,10,Loki,1.2,doggo,https://pbs.twimg.com/media/C3nygbBWQAAjwcW.jpg,1,golden_retriever,0.6173890000000001,True,Labrador_retriever,0.33705300000000005,True,tennis_ball,0.00855442,False,4616,20331
826848821049180160,2017-02-01 17:44:55+00:00,This is Cupid. He was found in the trash. Now he's well on his way to prosthetic front legs and a long happy doggo life. 13/10 heroic af https://t.co/WS0Gha8vRh,13,10,Cupid,1.3,doggo,https://pbs.twimg.com/media/C3mOnZ_XUAAjr2V.jpg,4,Great_Pyrenees,0.858764,True,golden_retriever,0.0235257,True,Pekinese,0.017103900000000002,True,9354,34065
826476773533745153,2017-01-31 17:06:32+00:00,This is Pilot. He has mastered the synchronized head tilt and sneaky tongue slip. Usually not unlocked until later doggo days. 12/10 https://t.co/YIV8sw8xkh,12,10,Pilot,1.2,doggo,https://pbs.twimg.com/media/C3g8M0lWIAEcFgn.jpg,1,German_shepherd,0.7418600000000001,True,Tibetan_mastiff,0.122812,True,kelpie,0.10046,True,3895,17381
826204788643753985,2017-01-30 23:05:46+00:00,"Here's a little more info on Dew, your favorite roaming doggo that went h*ckin viral. 13/10 
https://t.co/1httNYrCeW https://t.co/KvaM8j3jhX",13,10,None,1.3,doggo,https://pbs.twimg.com/media/C3dEza1WcAAhlNU.jpg,2,Labrador_retriever,0.782058,True,golden_retriever,0.156581,True,soft-coated_wheaten_terrier,0.00727512,True,856,4601
821765923262631936,2017-01-18 17:07:18+00:00,This is Duchess. She uses dark doggo forces to levitate her toys. 13/10 magical af https://t.co/maDNMETA52,13,10,Duchess,1.3,doggo,https://pbs.twimg.com/media/C2d_vnHWEAE9phX.jpg,1,golden_retriever,0.980071,True,Labrador_retriever,0.00875751,True,Saluki,0.00180595,True,1557,7908
821407182352777218,2017-01-17 17:21:47+00:00,This is Sundance. He's a doggo drummer. Even sings a bit on the side. 14/10 entertained af (vid by @sweetsundance) https://t.co/Xn5AQtiqzG,14,10,Sundance,1.4,doggo,https://pbs.twimg.com/ext_tw_video_thumb/821407155391725568/pu/img/AJC07gFJDDBuwNTD.jpg,1,Irish_setter,0.5054960000000001,True,vizsla,0.168747,True,Chesapeake_Bay_retriever,0.111311,True,3997,11107
821107785811234820,2017-01-16 21:32:06+00:00,Here's a doggo who looks like he's about to give you a list of mythical ingredients to go collect for his potion. 11/10 would obey https://t.co/8SiwKDlRcl,11,10,None,1.1,doggo,https://pbs.twimg.com/media/C2UpLA-UcAEK_Fz.jpg,1,Pomeranian,0.85659,True,papillon,0.0385365,True,Yorkshire_terrier,0.0331458,True,1975,9075
819004803107983360,2017-01-11 02:15:36+00:00,This is Bo. He was a very good First Doggo. 14/10 would be an absolute honor to pet https://t.co/AdPKrI8BZ1,14,10,Bo,1.4,doggo,https://pbs.twimg.com/media/C12whDoVEAALRxa.jpg,1,standard_poodle,0.351308,True,toy_poodle,0.271929,True,Tibetan_terrier,0.0947592,True,34550,82712
817777686764523521,2017-01-07 16:59:28+00:00,"This is Dido. She's playing the lead role in ""Pupper Stops to Catch Snow Before Resuming Shadow Box with Dried Apple."" 13/10 (IG: didodoggo) https://t.co/m7isZrOBX7",13,10,Dido,1.3,doggo,https://pbs.twimg.com/ext_tw_video_thumb/817777588030476288/pu/img/KbuLpE4krHF4VdPf.jpg,1,curly-coated_retriever,0.733256,True,flat-coated_retriever,0.214145,True,Irish_water_spaniel,0.029769,True,2521,10226
813910438903693312,2016-12-28 00:52:25+00:00,This is Chubbs. He dug a hole and now he's stuck in it. Dang h*ckin doggo. 11/10 would assist https://t.co/z1VRj1cYZf,11,10,Chubbs,1.1,doggo,https://pbs.twimg.com/media/C0uXObSXUAAIzmV.jpg,1,Siberian_husky,0.6993550000000001,True,Eskimo_dog,0.256433,True,Norwegian_elkhound,0.0131888,True,1735,8857
813202720496779264,2016-12-26 02:00:11+00:00,Here's a doggo who has concluded that Christmas is entirely too bright. Requests you tone it down a notch. 11/10 https://t.co/cD967DjnIn,11,10,None,1.1,doggo,https://pbs.twimg.com/media/C0kTjqIXgAAqpRi.jpg,1,cocker_spaniel,0.701852,True,golden_retriever,0.120345,True,Labrador_retriever,0.0363202,True,1707,8770
813127251579564032,2016-12-25 21:00:18+00:00,Here's an anonymous doggo that appears to be very done with Christmas. 11/10 cheer up pup https://t.co/BzITyGw3JA,11,10,None,1.1,doggo,https://pbs.twimg.com/media/C0jO6aBWEAAM28r.jpg,1,Norwegian_elkhound,0.432416,True,whippet,0.374223,True,Siberian_husky,0.032462599999999994,True,2923,11215
813096984823349248,2016-12-25 19:00:02+00:00,This is Rocky. He got triple-doggo-dared. Stuck af. 11/10 someone help him https://t.co/soNL00XWVu,11,10,Rocky,1.1,doggo,https://pbs.twimg.com/media/C0izZULWgAAKD-F.jpg,1,Great_Dane,0.128056,True,Boston_bull,0.117003,True,kelpie,0.08696430000000001,True,3391,10040
802265048156610565,2016-11-25 21:37:47+00:00,"Like doggo, like pupper version 2. Both 11/10 https://t.co/9IxWAXFqze",11,10,None,1.1,doggo,https://pbs.twimg.com/media/CyI3zXgWEAACQfB.jpg,1,Labrador_retriever,0.8971620000000001,True,beagle,0.016894799999999998,True,Rhodesian_ridgeback,0.0120606,True,1299,6625
801115127852503040,2016-11-22 17:28:25+00:00,This is Bones. He's being haunted by another doggo of roughly the same size. 12/10 deep breaths pupper everything's fine https://t.co/55Dqe0SJNj,12,10,Bones,1.2,doggo,https://pbs.twimg.com/media/Cx4h7zHUsAAqaJd.jpg,1,dalmatian,0.823356,True,English_setter,0.0946019,True,bluetick,0.0219534,True,1985,7681
799757965289017345,2016-11-18 23:35:32+00:00,This is Sobe. She's a h*ckin happy doggo. Only one leg tho. Must have good balance. 13/10 would smile back https://t.co/OiH8PaOxB1,13,10,Sobe,1.3,doggo,https://pbs.twimg.com/media/CxlPnoSUcAEXf1i.jpg,1,Border_collie,0.442534,True,collie,0.288684,True,Shetland_sheepdog,0.196399,True,2004,7979
796484825502875648,2016-11-09 22:49:15+00:00,Here's a sleepy doggo that requested some assistance. 12/10 would carry everywhere https://t.co/bvkkqOjNDV,12,10,None,1.2,doggo,https://pbs.twimg.com/media/Cw2uty8VQAAB0pL.jpg,1,cocker_spaniel,0.116924,True,seat_belt,0.107511,False,Australian_terrier,0.0998434,True,1654,7190
795464331001561088,2016-11-07 03:14:10+00:00,Elder doggo does a splash. Both 13/10 incredible stuff https://t.co/gBUDjdEcqz,13,10,None,1.3,doggo,https://pbs.twimg.com/ext_tw_video_thumb/795464066940764160/pu/img/jPkMMQXdydb7CqFX.jpg,1,golden_retriever,0.193082,True,Chesapeake_Bay_retriever,0.157927,True,soft-coated_wheaten_terrier,0.124684,True,21991,46834
786363235746385920,2016-10-13 00:29:39+00:00,This is Rizzo. He has many talents. A true renaissance doggo. 13/10 entertaining af https://t.co/TVXpEJB7Wn,13,10,Rizzo,1.3,doggo,https://pbs.twimg.com/media/Cum5LlfWAAAyPcS.jpg,1,golden_retriever,0.929266,True,Labrador_retriever,0.0628667,True,Saluki,0.00215669,True,3222,10284
782747134529531904,2016-10-03 01:00:34+00:00,This is Deacon. He's the happiest almost dry doggo I've ever seen. 11/10 would smile back https://t.co/C6fUMnHt1H,11,10,Deacon,1.1,doggo,https://pbs.twimg.com/media/CtzgXgeXYAA1Gxw.jpg,1,golden_retriever,0.560699,True,otterhound,0.199482,True,clumber,0.0406818,True,1319,7072
782305867769217024,2016-10-01 19:47:08+00:00,This is Sampson. He just graduated. Ready to be a doggo now. Time for the real world. 12/10 have fun with taxes https://t.co/pgVKxRw0s1,12,10,Sampson,1.2,doggo,https://pbs.twimg.com/media/CttPBt0WIAAcsDE.jpg,1,briard,0.5044270000000001,True,soft-coated_wheaten_terrier,0.390678,True,Lhasa,0.0345955,True,5130,15717
775364825476165632,2016-09-12 16:05:54+00:00,This is Finley. He's an independent doggo still adjusting to life on his own. 11/10 https://t.co/7FNcBaKbci,11,10,Finley,1.1,doggo,https://pbs.twimg.com/media/CsKmMB2WAAAXcAy.jpg,3,beagle,0.571229,True,Chihuahua,0.175257,True,Pembroke,0.034306300000000005,True,2713,6950
760893934457552897,2016-08-03 17:43:45+00:00,This is Wishes. He has the day off. Daily struggles of being a doggo have finally caught up with him. 11/10 https://t.co/H9YgrUkYwa,11,10,Wishes,1.1,doggo,https://pbs.twimg.com/media/Co88_ujWEAErCg7.jpg,1,Blenheim_spaniel,0.113992,True,cocker_spaniel,0.10578,True,borzoi,0.0739345,True,890,3576
759793422261743616,2016-07-31 16:50:42+00:00,"Meet Maggie &amp; Lila. Maggie is the doggo, Lila is the pupper. They are sisters. Both 12/10 would pet at the same time https://t.co/MYwR4DQKll",12,10,Maggie,1.2,doggo,https://pbs.twimg.com/media/CotUFZEWcAA2Pku.jpg,2,golden_retriever,0.985876,True,Labrador_retriever,0.00194777,True,kuvasz,0.00175174,True,1763,5586
758828659922702336,2016-07-29 00:57:05+00:00,This doggo is just waiting for someone to be proud of her and her accomplishment. 13/10 legendary af https://t.co/9T2h14yn4Q,13,10,None,1.3,doggo,https://pbs.twimg.com/media/Cofmom_VUAA4dRO.jpg,1,Chesapeake_Bay_retriever,0.480048,True,vizsla,0.264522,True,Weimaraner,0.12184,True,3558,10487
757393109802180609,2016-07-25 01:52:43+00:00,Here's a doggo completely oblivious to the double rainbow behind him. 10/10 someone tell him https://t.co/OfvRoD6ndV,10,10,None,1.0,doggo,https://pbs.twimg.com/media/CoLNAq6WAAAkmdJ.jpg,2,Labrador_retriever,0.787125,True,Chesapeake_Bay_retriever,0.112676,True,Rottweiler,0.0480386,True,1580,5452
752682090207055872,2016-07-12 01:52:49+00:00,Nothing better than a doggo and a sunset. 10/10 majestic af https://t.co/xVSodF19PS,10,10,None,1.0,doggo,https://pbs.twimg.com/media/CnIQXdYWgAAnsZZ.jpg,2,German_shepherd,0.299966,True,Eskimo_dog,0.278355,True,Siberian_husky,0.17852,True,1462,5612
752660715232722944,2016-07-12 00:27:52+00:00,"Hooman used Pokeball
*wiggle*
*wiggle*
Doggo broke free 
10/10 https://t.co/bWSgqnwSHr",10,10,None,1.0,doggo,https://pbs.twimg.com/media/CnH87L6XYAAF7I_.jpg,2,goose,0.339324,False,English_setter,0.0505118,True,basset,0.049093300000000006,True,1425,4082
750011400160841729,2016-07-04 17:00:26+00:00,Meet Piper. She's an airport doggo. Please return your tray table to its full pupright and locked position. 11/10 https://t.co/D17IAcetmM,11,10,Piper,1.1,doggo,https://pbs.twimg.com/media/CmfmvGUWgAAuVKD.jpg,1,muzzle,0.23762,False,Boston_bull,0.0871498,True,sombrero,0.0685099,False,821,3016
748932637671223296,2016-07-01 17:33:49+00:00,Say hello to Divine Doggo. Must be magical af. 13/10 would be an honor to pet https://t.co/BbcABzohKb,13,10,Divine,1.3,doggo,https://pbs.twimg.com/media/CmS-QkQWAAAkUa-.jpg,1,borzoi,0.742912,True,wire-haired_fox_terrier,0.204082,True,English_setter,0.0210323,True,2064,5412
745433870967832576,2016-06-22 01:50:58+00:00,This is Lenox. She's in a wheelbarrow. Silly doggo. You don't belong there. 10/10 would push around https://t.co/oYbVR4nBsR,10,10,Lenox,1.0,doggo,https://pbs.twimg.com/media/ClhQJUUWAAEVpBX.jpg,1,barrow,0.999962,False,basset,1.44895e-05,True,wok,6.060880000000002e-06,False,2313,6553
744234799360020481,2016-06-18 18:26:18+00:00,Here's a doggo realizing you can stand in a pool. 13/10 enlightened af (vid by Tina Conrad) https://t.co/7wE9LTEXC4,13,10,None,1.3,doggo,https://pbs.twimg.com/ext_tw_video_thumb/744234667679821824/pu/img/1GaWmtJtdqzZV7jy.jpg,1,Labrador_retriever,0.825333,True,ice_bear,0.044680800000000014,False,whippet,0.0184422,True,70751,144909
739238157791694849,2016-06-04 23:31:25+00:00,Here's a doggo blowing bubbles. It's downright legendary. 13/10 would watch on repeat forever (vid by Kent Duryee) https://t.co/YcXgHfp1EC,13,10,None,1.3,doggo,https://pbs.twimg.com/ext_tw_video_thumb/739238016737267712/pu/img/-tLpyiuIzD5zR1et.jpg,1,Eskimo_dog,0.503372,True,Siberian_husky,0.390413,True,malamute,0.08090119999999999,True,52912,107263
733109485275860992,2016-05-19 01:38:16+00:00,"Like father (doggo), like son (pupper). Both 12/10 https://t.co/pG2inLaOda",12,10,None,1.2,doggo,https://pbs.twimg.com/media/CiyHLocU4AI2pJu.jpg,1,golden_retriever,0.945523,True,Labrador_retriever,0.0423191,True,doormat,0.00395626,False,15547,49406
732375214819057664,2016-05-17 01:00:32+00:00,This is Kyle (pronounced 'Mitch'). He strives to be the best doggo he can be. 11/10 would pat on head approvingly https://t.co/aA2GiTGvlE,11,10,Kyle,1.1,doggo,https://pbs.twimg.com/media/CinrX2EWkAABDYt.jpg,1,tennis_ball,0.998673,False,basset,0.000547053,True,golden_retriever,0.00035998,True,2286,7445
727644517743104000,2016-05-03 23:42:26+00:00,Here's a doggo struggling to cope with the winds. 13/10 https://t.co/qv3aUwaouT,13,10,None,1.3,doggo,https://pbs.twimg.com/media/Chkc1BQUoAAa96R.jpg,2,Great_Pyrenees,0.457164,True,kuvasz,0.39171,True,Labrador_retriever,0.0945226,True,1592,5402
724771698126512129,2016-04-26 01:26:53+00:00,Nothin better than a doggo and a sunset. 11/10 https://t.co/JlFqOhrHEs,11,10,None,1.1,doggo,https://pbs.twimg.com/media/Cg7n_-OU8AA5RR1.jpg,2,German_short-haired_pointer,0.835491,True,bluetick,0.058788,True,English_setter,0.0372083,True,568,2162
719991154352222208,2016-04-12 20:50:42+00:00,This doggo was initially thrilled when she saw the happy cartoon pup but quickly realized she'd been deceived. 10/10 https://t.co/mvnBGaWULV,10,10,None,1.0,doggo,https://pbs.twimg.com/media/Cf3sH62VAAA-LiP.jpg,2,golden_retriever,0.605304,True,cocker_spaniel,0.130948,True,Labrador_retriever,0.0946916,True,1600,4492
716080869887381504,2016-04-02 01:52:38+00:00,Here's a super majestic doggo and a sunset 11/10 https://t.co/UACnoyi8zu,11,10,None,1.1,doggo,https://pbs.twimg.com/media/CfAHv83UMAIEQYx.jpg,1,golden_retriever,0.638625,True,chow,0.254717,True,Tibetan_mastiff,0.0717317,True,1712,6267
883360690899218434,2017-07-07 16:22:55+00:00,Meet Grizzwald. He may be the floofiest floofer I ever did see. Lost eyes saving a schoolbus from a volcano erpuption. 13/10 heroic as h*ck https://t.co/rf661IFEYP,13,10,Grizzwald,1.3,floofer,https://pbs.twimg.com/media/DEJT3FeXoAAtwUy.jpg,1,chow,0.987997,True,Tibetan_mastiff,0.00709872,True,Newfoundland,0.00214033,True,3081,19951
800388270626521089,2016-11-20 17:20:08+00:00,This is Doc. He takes time out of every day to worship our plant overlords. 12/10 quite the floofer https://t.co/azMneS6Ly5,12,10,Doc,1.2,floofer,https://pbs.twimg.com/media/CxuM3oZW8AEhO5z.jpg,2,golden_retriever,0.35986,True,Pembroke,0.194207,True,collie,0.154603,True,2638,10624
776218204058357768,2016-09-15 00:36:55+00:00,Atlas rolled around in some chalk and now he's a magical rainbow floofer. 13/10 please never take a bath https://t.co/nzqTNw0744,13,10,None,1.3,floofer,https://pbs.twimg.com/media/CsWuVEdWcAAqbe9.jpg,1,Samoyed,0.940326,True,Pomeranian,0.055527199999999985,True,keeshond,0.00222635,True,14743,28120
749317047558017024,2016-07-02 19:01:20+00:00,This is Blu. He's a wild bush Floofer. I wish anything made me as happy as bushes make Blu. 12/10 would frolic with https://t.co/HHUAnBb6QB,12,10,Blu,1.2,floofer,https://pbs.twimg.com/ext_tw_video_thumb/749316899712950272/pu/img/nvZI9mkoAxt89sul.jpg,1,wire-haired_fox_terrier,0.155144,True,Lakeland_terrier,0.108382,True,buckeye,0.0746167,False,2051,5101
737445876994609152,2016-05-31 00:49:32+00:00,Just wanted to share this super rare Rainbow Floofer in case you guys haven't seen it yet. 13/10 colorful af https://t.co/CaG9MzD3WT,13,10,None,1.3,floofer,https://pbs.twimg.com/media/CjvvHBwUoAE55WZ.jpg,1,Samoyed,0.400568,True,Pomeranian,0.331268,True,Maltese_dog,0.0454261,True,4068,9468
733822306246479872,2016-05-21 00:50:46+00:00,This is Moose. He's a Polynesian Floofer. Dapper af. 10/10 would pet diligently https://t.co/mVfqRdppTL,10,10,Moose,1.0,floofer,https://pbs.twimg.com/media/Ci8Pfg_UUAA2m9i.jpg,1,Lhasa,0.457356,True,Shih-Tzu,0.371282,True,Tibetan_terrier,0.048359,True,932,3389
685307451701334016,2016-01-08 03:50:03+00:00,Say hello to Petrick. He's an Altostratus Floofer. Just had a run in with a trash bag. Groovy checkered floor. 11/10 https://t.co/rwW7z1JAOF,11,10,Petrick,1.1,floofer,https://pbs.twimg.com/media/CYKzfTTWMAEeTN7.jpg,1,Pomeranian,0.963176,True,Shetland_sheepdog,0.0194683,True,keeshond,0.00860493,True,397,1929
886366144734445568,2017-07-15 23:25:31+00:00,This is Roscoe. Another pupper fallen victim to spontaneous tongue ejections. Get the BlepiPen immediate. 12/10 deep breaths Roscoe https://t.co/RGE08MIJox,12,10,Roscoe,1.2,pupper,https://pbs.twimg.com/media/DE0BTnQUwAApKEH.jpg,1,French_bulldog,0.999201,True,Chihuahua,0.000361178,True,Boston_bull,7.55616e-05,True,2632,18547
882762694511734784,2017-07-06 00:46:41+00:00,This is Gus. He's quite the cheeky pupper. Already perfected the disinterested wink. 12/10 would let steal my girl https://t.co/D43I96SlVu,12,10,Gus,1.2,pupper,https://pbs.twimg.com/media/DEAz_HHXsAA-p_z.jpg,1,Labrador_retriever,0.85005,True,Chesapeake_Bay_retriever,0.074257,True,flat-coated_retriever,0.015579399999999997,True,4097,24798
876838120628539392,2017-06-19 16:24:33+00:00,This is Ginger. She's having a ruff Monday. Too many pupper things going on. H*ckin exhausting. 12/10 would snug passionately https://t.co/j211oCDRs6,12,10,Ginger,1.2,pupper,https://pbs.twimg.com/media/DCsnnZsVwAEfkyi.jpg,1,bloodhound,0.575751,True,redbone,0.24097,True,Tibetan_mastiff,0.08893480000000001,True,2804,18215
874296783580663808,2017-06-12 16:06:11+00:00,This is Jed. He may be the fanciest pupper in the game right now. Knows it too. 13/10 would sign modeling contract https://t.co/0YplNnSMEm,13,10,Jed,1.3,pupper,https://pbs.twimg.com/media/DCIgSR0XgAANEOY.jpg,1,cocker_spaniel,0.437216,True,miniature_poodle,0.277191,True,toy_poodle,0.157402,True,3483,22971
873213775632977920,2017-06-09 16:22:42+00:00,"This is Sierra. She's one precious pupper. Absolute 12/10. Been in and out of ICU her whole life. Help Sierra below

https://t.co/Xp01EU3qyD https://t.co/V5lkvrGLdQ",12,10,Sierra,1.2,pupper,https://pbs.twimg.com/media/DB5HTBGXUAE0TiK.jpg,1,vizsla,0.6197819999999999,True,bloodhound,0.338069,True,Chesapeake_Bay_retriever,0.0126763,True,1331,6324
871762521631449091,2017-06-05 16:15:56+00:00,This is Rover. As part of pupper protocol he had to at least attempt to eat the plant. Confirmed not tasty. Needs peanut butter. 12/10 https://t.co/AiVljI6QCg,12,10,Rover,1.2,pupper,https://pbs.twimg.com/media/DBkfY58XcAEdzZy.jpg,2,Labrador_retriever,0.921393,True,golden_retriever,0.064608,True,bloodhound,0.00338337,True,2970,17896
866450705531457537,2017-05-22 00:28:40+00:00,"This is Jamesy. He gives a kiss to every other pupper he sees on his walk. 13/10 such passion, much tender https://t.co/wk7TfysWHr",13,10,Jamesy,1.3,pupper,https://pbs.twimg.com/media/DAZAUfBXcAAG_Nn.jpg,2,French_bulldog,0.905334,True,Boston_bull,0.0780597,True,pug,0.00177092,True,30214,108930
854120357044912130,2017-04-17 23:52:16+00:00,Sometimes you guys remind me just how impactful a pupper can be. Cooper will be remembered as a good boy by so many. 14/10 rest easy friend https://t.co/oBL7LEJEzR,14,10,None,1.4,pupper,https://pbs.twimg.com/media/C9px7jyVwAAnmwN.jpg,4,black-and-tan_coonhound,0.8548610000000001,True,Doberman,0.0507918,True,bluetick,0.0217617,True,6602,29254
850019790995546112,2017-04-06 16:18:05+00:00,Say hello to Boomer. He's a sandy pupper. Having a h*ckin blast. 12/10 would pet passionately https://t.co/ecb3LvExde,12,10,Boomer,1.2,pupper,https://pbs.twimg.com/media/C8vgfTsXgAA561h.jpg,3,Shetland_sheepdog,0.759907,True,collie,0.107405,True,Pembroke,0.052335300000000015,True,4380,18799
845306882940190720,2017-03-24 16:10:40+00:00,This is Pickles. She's a silly pupper. Thinks she's a dish. 12/10 would dry https://t.co/7mPCF4ZwEk,12,10,Pickles,1.2,pupper,https://pbs.twimg.com/media/C7siH5DXkAACnDT.jpg,1,Irish_water_spaniel,0.567475,True,Labrador_retriever,0.169496,True,curly-coated_retriever,0.101518,True,4869,21656
837820167694528512,2017-03-04 00:21:08+00:00,"Here's a pupper before and after being asked ""who's a good girl?"" Unsure as h*ck. 12/10 hint hint it's you https://t.co/ORiK6jlgdH",12,10,None,1.2,pupper,https://pbs.twimg.com/media/C6CI_jbVAAA3-a1.jpg,1,golden_retriever,0.887625,True,Labrador_retriever,0.0687175,True,kuvasz,0.0303868,True,7172,31885
837110210464448512,2017-03-02 01:20:01+00:00,This is Clark. He passed pupper training today. Round of appaws for Clark. 13/10 https://t.co/7pUjwe8X6B,13,10,Clark,1.3,pupper,https://pbs.twimg.com/media/C54DS1kXQAEU5pS.jpg,1,Siberian_husky,0.767696,True,Eskimo_dog,0.217079,True,malamute,0.0116568,True,2186,15081
833124694597443584,2017-02-19 01:23:00+00:00,This is Gidget. She's a spy pupper. Stealthy as h*ck. Must've slipped pup and got caught. 12/10 would forgive then pet https://t.co/zD97KYFaFa,12,10,Gidget,1.2,pupper,https://pbs.twimg.com/media/C4_ad1IUoAEspsk.jpg,3,Cardigan,0.7105229999999999,True,kelpie,0.106102,True,shopping_cart,0.0554755,False,4454,19001
831315979191906304,2017-02-14 01:35:49+00:00,I couldn't make it to the #WKCDogShow BUT I have people there on the ground relaying me the finest pupper pics possible. 13/10 for all https://t.co/jd6lYhfdH4,13,10,None,1.3,pupper,https://pbs.twimg.com/media/C4lst0bXAAE6MP8.jpg,4,briard,0.982755,True,soft-coated_wheaten_terrier,0.00908435,True,Bouvier_des_Flandres,0.0046928,True,1040,6180
827933404142436356,2017-02-04 17:34:40+00:00,This is Kona. Yesterday she stopped by the department to see what it takes to be a police pupper. 12/10 vest was only a smidge too big https://t.co/j8D3PQJvpJ,12,10,Kona,1.2,pupper,https://pbs.twimg.com/media/C31pCN4UcAAOLNH.jpg,2,German_shepherd,0.8061149999999999,True,Tibetan_mastiff,0.104831,True,kelpie,0.0381482,True,4840,18876
824325613288833024,2017-01-25 18:38:36+00:00,Retweet the h*ck out of this 13/10 pupper #BellLetsTalk https://t.co/wBmc7OaGvS,13,10,None,1.3,pupper,https://pbs.twimg.com/media/C3CXxaoWQAAiLuC.jpg,1,Pembroke,0.990793,True,Cardigan,0.00891939,True,basenji,0.000262264,True,9895,11186
822462944365645825,2017-01-20 15:17:01+00:00,"This is Gabe. He was the unequivocal embodiment of a dream meme, but also one h*ck of a pupper. You will be missed by so many. 14/10 RIP https://t.co/M3hZGadUuO",14,10,Gabe,1.4,pupper,https://pbs.twimg.com/media/C2n5rUUXEAIXAtv.jpg,3,Pomeranian,0.960199,True,Samoyed,0.0230563,True,Maltese_dog,0.00894488,True,13160,26322
815966073409433600,2017-01-02 17:00:46+00:00,Here's a pupper with squeaky hiccups. Please enjoy. 13/10 https://t.co/MiMKtsLN6k,13,10,None,1.3,pupper,https://pbs.twimg.com/ext_tw_video_thumb/815965888126062592/pu/img/JleSw4wRhgKDWQj5.jpg,1,Tibetan_mastiff,0.506312,True,Tibetan_terrier,0.29569,True,otterhound,0.0362507,True,7873,21142
814986499976527872,2016-12-31 00:08:17+00:00,This is Cooper. Someone attacked him with a sharpie. Poor pupper. 11/10 nifty tongue slip tho https://t.co/01vpuRDXQ8,11,10,Cooper,1.1,pupper,https://pbs.twimg.com/media/C09p5dJWIAE5qKL.jpg,1,dalmatian,0.999828,True,boxer,6.78061e-05,True,American_Staffordshire_terrier,3.42436e-05,True,1187,7255
811386762094317568,2016-12-21 01:44:13+00:00,This is Craig. That's actually a normal sized fence he's stuck on. H*ckin massive pupper. 11/10 someone help him https://t.co/aAUXzoxaBy,11,10,Craig,1.1,pupper,https://pbs.twimg.com/media/C0Kf9PtWQAEW4sE.jpg,1,Pembroke,0.804177,True,Cardigan,0.18989,True,beagle,0.00196475,True,5986,19883
808733504066486276,2016-12-13 18:01:07+00:00,Here's a pupper in a onesie. Quite pupset about it. Currently plotting revenge. 12/10 would rescue https://t.co/xQfrbNK3HD,12,10,None,1.2,pupper,https://pbs.twimg.com/media/Czky0v9VIAEXRkd.jpg,1,seat_belt,0.779137,False,toy_poodle,0.0369271,True,golden_retriever,0.016972499999999998,True,2034,7509
808106460588765185,2016-12-12 00:29:28+00:00,Here we have Burke (pupper) and Dexter (doggo). Pupper wants to be exactly like doggo. Both 12/10 would pet at same time https://t.co/ANBpEYHaho,12,10,Burke,1.2,pupper,https://pbs.twimg.com/media/Czb4iFRXgAIUMiN.jpg,1,golden_retriever,0.426183,True,Labrador_retriever,0.257447,True,Great_Pyrenees,0.12648199999999998,True,2071,8389
807621403335917568,2016-12-10 16:22:02+00:00,This is Ollie Vue. He was a 3 legged pupper on a mission to overcome everything. This is very hard to write. 14/10 we will miss you Ollie https://t.co/qTRY2qX9y4,14,10,Ollie,1.4,pupper,https://pbs.twimg.com/media/CzU_YVGUUAA3Xsd.jpg,3,golden_retriever,0.873233,True,cocker_spaniel,0.0336933,True,chow,0.0204084,True,3392,13866
803638050916102144,2016-11-29 16:33:36+00:00,Pupper hath acquire enemy. 13/10 https://t.co/ns9qoElfsX,13,10,None,1.3,pupper,https://pbs.twimg.com/ext_tw_video_thumb/803638023904559104/pu/img/vxm0Htm5iIV7EOAQ.jpg,1,Labrador_retriever,0.372776,True,golden_retriever,0.343666,True,Great_Pyrenees,0.0672423,True,3887,10382
797971864723324932,2016-11-14 01:18:12+00:00,Here's a helicopter pupper. He takes off at random. H*ckin hard to control. 12/10 rare af https://t.co/GRWPgNKt2z,12,10,None,1.2,pupper,https://pbs.twimg.com/media/CxL3IWeVEAAAIE2.jpg,1,American_Staffordshire_terrier,0.489845,True,Chihuahua,0.30576,True,Staffordshire_bullterrier,0.0727991,True,2893,10963
778039087836069888,2016-09-20 01:12:28+00:00,Evolution of a pupper yawn featuring Max. 12/10 groundbreaking stuff https://t.co/t8Y4x9DmVD,12,10,None,1.2,pupper,https://pbs.twimg.com/media/CswmaHmWAAAbdY9.jpg,2,German_shepherd,0.717776,True,malinois,0.111175,True,Norwegian_elkhound,0.0588024,True,2467,7996
776477788987613185,2016-09-15 17:48:25+00:00,This is Huck. He's addicted to caffeine. Hope it's not too latte to seek help. 11/10 stay strong pupper https://t.co/iJE3F0VozW,11,10,Huck,1.1,pupper,https://pbs.twimg.com/media/CsaaaaxWgAEfzM7.jpg,1,Labrador_retriever,0.8848389999999999,True,Chesapeake_Bay_retriever,0.0575651,True,paintbrush,0.00576608,False,2562,8254
773985732834758656,2016-09-08 20:45:53+00:00,Meet Winnie. She just made awkward eye contact with the driver beside her. Poor pupper panicked. 11/10 would comfort https://t.co/RFWtDqTnAz,11,10,Winnie,1.1,pupper,https://pbs.twimg.com/media/Cr2_6R8WAAAUMtc.jpg,4,giant_panda,0.451149,False,fur_coat,0.148001,False,pug,0.10957,True,3587,10167
773547596996571136,2016-09-07 15:44:53+00:00,This is Chelsea. She forgot how to dog. 11/10 get it together pupper https://t.co/nBJ5RE4yHb,11,10,Chelsea,1.1,pupper,https://pbs.twimg.com/media/Crwxb5yWgAAX5P_.jpg,1,Norwegian_elkhound,0.372202,True,Chesapeake_Bay_retriever,0.13718699999999998,True,malamute,0.07143619999999999,True,5699,20830
772193107915964416,2016-09-03 22:02:38+00:00,This is Willem. He's a Penn State pupper. Thinks the hood makes him more intimidating. It doesn't. 12/10 https://t.co/Dp0s7MRIHK,12,10,Willem,1.2,pupper,https://pbs.twimg.com/media/Crdhh_1XEAAHKHi.jpg,1,Pembroke,0.367945,True,Chihuahua,0.223522,True,Pekinese,0.164871,True,1291,5683
765371061932261376,2016-08-16 02:14:15+00:00,This is Louie. He's had a long day. Did a lot of pupper things. Also appears to be rather heckin pettable. 11/10 https://t.co/w2qDmoTIZ5,11,10,Louie,1.1,pupper,https://pbs.twimg.com/media/Cp8k6oRWcAUL78U.jpg,2,golden_retriever,0.829456,True,Labrador_retriever,0.08937089999999999,True,kuvasz,0.0170275,True,2007,6680
756939218950160384,2016-07-23 19:49:07+00:00,This is Jax. He is a majestic mountain pupper. Thinks flat ground is for the weak. 12/10 would totally hike with https://t.co/KGdeHuFJnH,12,10,Jax,1.2,pupper,https://pbs.twimg.com/media/CoEwMXeWEAAaIz5.jpg,1,golden_retriever,0.790371,True,cocker_spaniel,0.130268,True,Labrador_retriever,0.0646287,True,1842,6223
755955933503782912,2016-07-21 02:41:54+00:00,Here's a frustrated pupper attempting to escape a pool of Frosted Flakes. 12/10 https://t.co/GAYViEweWr,12,10,None,1.2,pupper,https://pbs.twimg.com/ext_tw_video_thumb/755955658164465664/pu/img/YcjfthN7C3z61GUj.jpg,1,Pekinese,0.596882,True,Maltese_dog,0.176478,True,Great_Pyrenees,0.0267753,True,2634,6832
751456908746354688,2016-07-08 16:44:23+00:00,Here's a pupper that's very hungry but too lazy to get up and eat. 12/10 (vid by @RealDavidCortes) https://t.co/lsVAMBq6ex,12,10,None,1.2,pupper,https://pbs.twimg.com/ext_tw_video_thumb/751456786360725504/pu/img/hWqfIQ29A0cBv6f_.jpg,1,golden_retriever,0.714409,True,Afghan_hound,0.06616260000000003,True,chow,0.0284126,True,925,3014
750868782890057730,2016-07-07 01:47:22+00:00,Meet Milo. He hauled ass until he ran out of treadmill and then passed out from exhaustion. 11/10 sleep tight pupper https://t.co/xe1aGZNkcC,11,10,Milo,1.1,pupper,https://pbs.twimg.com/media/CmufLLsXYAAsU0r.jpg,4,toy_poodle,0.912648,True,miniature_poodle,0.0350592,True,seat_belt,0.0263756,False,1252,4467
750071704093859840,2016-07-04 21:00:04+00:00,Pause your cookout and admire this pupper's nifty hat. 10/10 https://t.co/RG4C9IdNJM,10,10,None,1.0,pupper,https://pbs.twimg.com/media/CmjKOzVWcAAQN6w.jpg,2,redbone,0.382113,True,malinois,0.249943,True,miniature_pinscher,0.0709262,True,3038,7259
749417653287129088,2016-07-03 01:41:06+00:00,This is Finn. He's the most unphotogenic pupper of all time. 11/10 https://t.co/qvA2rCUl6v,11,10,Finn,1.1,pupper,https://pbs.twimg.com/media/CmZ3YH9WEAAowi3.jpg,2,papillon,0.772894,True,Shetland_sheepdog,0.0424076,True,collie,0.0423131,True,1518,5696
747963614829678593,2016-06-29 01:23:16+00:00,PUPPER NOOOOO BEHIND YOUUU 10/10 pls keep this pupper in your thoughts https://t.co/ZPfeRtOX0Q,10,10,None,1.0,pupper,https://pbs.twimg.com/media/CmFM7ngXEAEitfh.jpg,1,kelpie,0.307672,True,Irish_terrier,0.197486,True,dingo,0.105475,False,1959,5389
741743634094141440,2016-06-11 21:27:17+00:00,Meet Aqua. She's a sandy pupper. Not sure how she feels about being so sandy. Radical tongue slip. 11/10 petable af https://t.co/rYxJ0UQtbE,11,10,Aqua,1.1,pupper,https://pbs.twimg.com/media/Cksz42EW0AAh2NF.jpg,1,Labrador_retriever,0.786089,True,flat-coated_retriever,0.0486524,True,Chesapeake_Bay_retriever,0.0346933,True,2504,7556
740676976021798912,2016-06-08 22:48:46+00:00,"Meet Baloo. He's expecting a fast ground ball, hence the wide stance. Prepared af. 11/10 nothing runs like a pupper https://t.co/sMbMw5Z2XC",11,10,Baloo,1.1,pupper,https://pbs.twimg.com/media/Ckdpx5KWsAANF6b.jpg,1,wombat,0.462952,False,Norwegian_elkhound,0.275225,True,Siamese_cat,0.0435593,False,6221,16852
736365877722001409,2016-05-28 01:18:00+00:00,This is Rory. He's extremely impatient. 11/10 settle down pupper https://t.co/e3tfXJLi40,11,10,Rory,1.1,pupper,https://pbs.twimg.com/media/CjgYyuvWkAAHU8g.jpg,3,cup,0.473555,False,toy_poodle,0.082606,True,consomme,0.048298,False,1118,3684
735648611367784448,2016-05-26 01:47:51+00:00,*faints* 12/10 perfection in pupper form https://t.co/t6TxTwTLEK,12,10,None,1.2,pupper,https://pbs.twimg.com/media/CjWMezdW0AErwU3.jpg,1,Pembroke,0.462594,True,seat_belt,0.261854,False,Cardigan,0.151698,True,1016,3736
730573383004487680,2016-05-12 01:40:42+00:00,This is Rooney. He can't comprehend glass. 10/10 it'll be ok pupper https://t.co/CnUl2uDBBV,10,10,Rooney,1.0,pupper,https://pbs.twimg.com/media/CiOEnI6WgAAmq4E.jpg,2,American_Staffordshire_terrier,0.810158,True,Labrador_retriever,0.058204999999999986,True,Weimaraner,0.027929500000000003,True,1919,4474
728015554473250816,2016-05-05 00:16:48+00:00,This is Rueben. He has reached ultimate pupper zen state. 11/10 tranquil af https://t.co/Z167HgtnBi,11,10,Rueben,1.1,pupper,https://pbs.twimg.com/media/ChpuRyvVAAARMoq.jpg,1,cocker_spaniel,0.384559,True,golden_retriever,0.091661,True,sandbar,0.0817989,False,993,3797
727524757080539137,2016-05-03 15:46:33+00:00,This pupper had to undergo emergency haircut surgery so he could hear again. 10/10 miraculous af https://t.co/fUyDIFkBwx,10,10,None,1.0,pupper,https://pbs.twimg.com/media/Chiv6BAW4AAiQvH.jpg,2,Pomeranian,0.958834,True,Chihuahua,0.0240992,True,chow,0.00394105,True,1089,4121
727314416056803329,2016-05-03 01:50:44+00:00,This pupper was about to explain where that dirt came from but then decided against it. 11/10 https://t.co/SbaelU6zRs,11,10,None,1.1,pupper,https://pbs.twimg.com/media/Chfwmd9U4AQTf1b.jpg,2,toy_poodle,0.827469,True,miniature_poodle,0.16076,True,Tibetan_terrier,0.00173075,True,673,3072
725786712245440512,2016-04-28 20:40:11+00:00,Say hello to Lillie. She's a Rutabagan Floofem. Poor pupper ate and then passed out. 11/10 relatable af https://t.co/uIdGqug9rw,11,10,Lillie,1.1,pupper,https://pbs.twimg.com/media/ChKDKmIWIAIJP_e.jpg,1,chow,0.33576100000000003,True,Samoyed,0.167173,True,kuvasz,0.145715,True,1250,3852
724405726123311104,2016-04-25 01:12:38+00:00,This is Ashleigh. She's having Coachella withdrawals. Didn't even go tho. 10/10 stay strong pupper https://t.co/nRUaKWnJfH,10,10,Ashleigh,1.0,pupper,https://pbs.twimg.com/media/Cg2bKLAWwAA0WEm.jpg,1,golden_retriever,0.240695,True,cocker_spaniel,0.202444,True,feather_boa,0.159348,False,1515,4880
724004602748780546,2016-04-23 22:38:43+00:00,This is Luther. He saw a ghost. Spooked af. 11/10 hang in there pupper https://t.co/EdKG43VvEl,11,10,Luther,1.1,pupper,https://pbs.twimg.com/media/CgwuWCeW4AAsgbD.jpg,3,Siamese_cat,0.950526,False,pug,0.0188769,True,quilt,0.007627600000000002,False,1395,3839
721001180231503872,2016-04-15 15:44:11+00:00,This is Oliver. Bath time is upon him. His fear of the wetness postpones his ultimate pupper destiny. 11/10 https://t.co/AFzzKqR4tT,11,10,Oliver,1.1,pupper,https://pbs.twimg.com/media/CgGCvxAUkAAx55r.jpg,1,Samoyed,0.950053,True,washbasin,0.00632139,False,tub,0.00624335,False,552,2350
717009362452090881,2016-04-04 15:22:08+00:00,This is Smokey. He's having some sort of existential crisis. 10/10 hang in there pupper https://t.co/JmgF4dMpw0,10,10,Smokey,1.0,pupper,https://pbs.twimg.com/media/CfNUNetW8AAekHx.jpg,1,Siberian_husky,0.506154,True,Eskimo_dog,0.269656,True,malamute,0.0606585,True,872,2989
711008018775851008,2016-03-19 01:54:56+00:00,This is Chuckles. He had a balloon but he accidentally let go of it and it floated away. 11/10 hang in there pupper https://t.co/68iNM7B5gW,11,10,Chuckles,1.1,pupper,https://pbs.twimg.com/media/Cd4CBQFW8AAY3ND.jpg,1,French_bulldog,0.731405,True,Boston_bull,0.150672,True,pug,0.0218109,True,560,2749
710117014656950272,2016-03-16 14:54:24+00:00,This pupper got her hair chalked for her birthday. Hasn't told her parents yet. Rebellious af. 11/10 very nifty https://t.co/h1OX2mLtxV,11,10,None,1.1,pupper,https://pbs.twimg.com/media/CdrXp9dWoAAcRfn.jpg,2,toy_poodle,0.802092,True,miniature_poodle,0.111647,True,cocker_spaniel,0.0628662,True,1785,5041
707411934438625280,2016-03-09 03:45:22+00:00,"""I shall trip the big pupper with leash. Big pupper will never see it coming. I am a genius."" Both 11/10 https://t.co/uQsCJ8pf51",11,10,None,1.1,pupper,https://pbs.twimg.com/media/CdE7ZktXIAEiWLj.jpg,1,Lakeland_terrier,0.7382770000000001,True,Airedale,0.0285149,True,giant_schnauzer,0.0248763,True,546,2120
707315916783140866,2016-03-08 21:23:50+00:00,This is Finnegus. He's trapped in a snow globe. Poor pupper. 10/10 would make sure no one shook it https://t.co/BjpOa52jQ4,10,10,Finnegus,1.0,pupper,https://pbs.twimg.com/media/CdDkEkHWwAAAeUJ.jpg,2,Bernese_mountain_dog,0.979235,True,Shetland_sheepdog,0.0110368,True,Appenzeller,0.00397111,True,580,2288
706310011488698368,2016-03-06 02:46:44+00:00,Here's a very sleepy pupper. Thinks it's an airplane. 12/10 would snug for eternity https://t.co/GGmcTIkBbf,12,10,None,1.2,pupper,https://pbs.twimg.com/media/Cc1RNHLW4AACG6H.jpg,1,Pembroke,0.6981649999999999,True,Chihuahua,0.105834,True,bloodhound,0.0620304,True,7157,19580
705975130514706432,2016-03-05 04:36:02+00:00,This is Adele. Her tongue flies out of her mouth at random. It's a debilitating illness. 10/10 stay strong pupper https://t.co/cfn81n3FLO,10,10,Adele,1.0,pupper,https://pbs.twimg.com/media/CcwgjmuXIAEQoSd.jpg,1,Staffordshire_bullterrier,0.5877640000000001,True,American_Staffordshire_terrier,0.281429,True,bull_mastiff,0.0947981,True,666,2869
705786532653883392,2016-03-04 16:06:36+00:00,"Seriously, add us üê∂ 11/10 for sad wet pupper https://t.co/xwPE9faVZR",11,10,None,1.1,pupper,https://pbs.twimg.com/media/Cct1G6vVAAI9ZjF.jpg,1,web_site,0.550294,False,Labrador_retriever,0.14849600000000002,True,golden_retriever,0.148482,True,469,1799
705428427625635840,2016-03-03 16:23:38+00:00,This is Ambrose. He's an Alfalfa Ballyhoo. Draws pistol fast af. Pretty much runs the frontier. 11/10 lethal pupper https://t.co/ih6epBOxIA,11,10,Ambrose,1.1,pupper,https://pbs.twimg.com/media/CcovaMUXIAApFDl.jpg,1,Chihuahua,0.774792,True,quilt,0.0730794,False,Pembroke,0.0223651,True,1526,3525
704761120771465216,2016-03-01 20:11:59+00:00,This pupper killed this great white in an epic sea battle. Now wears it as a trophy. Such brave. Much fierce. 13/10 https://t.co/Lu0ECu5tO5,13,10,None,1.3,pupper,https://pbs.twimg.com/media/CcfQgHVWoAAxauy.jpg,1,Siamese_cat,0.202294,False,Chihuahua,0.100418,True,basenji,0.07209650000000001,True,2638,6150
704347321748819968,2016-02-29 16:47:42+00:00,This is Ralphson. He's very confused. Wondering why he's sitting on Santa's lap in February. 10/10 stay woke pupper https://t.co/INphk4ltkZ,10,10,Ralphson,1.0,pupper,https://pbs.twimg.com/media/CcZYJniXEAAEJRF.jpg,1,teddy,0.23337800000000006,False,feather_boa,0.0884744,False,Brittany_spaniel,0.0829173,True,314,1449
703611486317502464,2016-02-27 16:03:45+00:00,Meet Scooter. He's experiencing the pupper equivalent of dropping ur phone in a toilet 10/10 put it in some rice pup https://t.co/JSmX1FIEaW,10,10,Scooter,1.0,pupper,https://pbs.twimg.com/media/CcO66OjXEAASXmH.jpg,1,Pembroke,0.756441,True,basenji,0.126621,True,Cardigan,0.08011669999999999,True,1386,3552
703268521220972544,2016-02-26 17:20:56+00:00,Happy Friday here's a sleepy pupper 12/10 https://t.co/eBcqv9SPkY,12,10,None,1.2,pupper,https://pbs.twimg.com/media/CcKC-5LW4AAK-nb.jpg,1,wool,0.5254340000000001,False,fur_coat,0.236391,False,kuvasz,0.038243,True,495,1829
702598099714314240,2016-02-24 20:56:55+00:00,"This is Sansa. She's gotten too big for her chair. Not so smol anymore. 11/10 once a pupper, always a pupper https://t.co/IpAoztle2s",11,10,Sansa,1.1,pupper,https://pbs.twimg.com/media/CcAhPevW8AAoknv.jpg,1,kelpie,0.219179,True,badger,0.13358399999999998,False,Siamese_cat,0.07443999999999999,False,3145,11355
701545186879471618,2016-02-21 23:13:01+00:00,Meet Millie. She's practicing her dive form for Rio. It's nearly perfect. Dedicated af. 10/10 go for gold pupper https://t.co/SDVkc4m96M,10,10,Millie,1.0,pupper,https://pbs.twimg.com/media/CbxjnyOWAAAWLUH.jpg,1,Border_collie,0.280893,True,Cardigan,0.11255,True,toy_terrier,0.0533172,True,552,2459
700151421916807169,2016-02-18 02:54:41+00:00,If a pupper gave that to me I'd probably start shaking and faint from all the joy. 11/10 https://t.co/o9aJVPB25n,11,10,None,1.1,pupper,https://pbs.twimg.com/media/CbdwATgWwAABGID.jpg,1,tennis_ball,0.328236,False,Italian_greyhound,0.17683800000000002,True,Staffordshire_bullterrier,0.13408,True,611,2062
700143752053182464,2016-02-18 02:24:13+00:00,When it's Janet from accounting's birthday but you can't eat the cake cuz it's chocolate. 10/10 hang in there pupper https://t.co/Fbdr5orUrJ,10,10,None,1.0,pupper,https://pbs.twimg.com/media/CbdpBmLUYAY9SgQ.jpg,1,golden_retriever,0.53246,True,crossword_puzzle,0.103796,False,binder,0.100371,False,2443,6944
699801817392291840,2016-02-17 03:45:29+00:00,This is Cooper. He began to tear up when his bone was taken from him. 11/10 stay strong pupper https://t.co/qI8yvqKG02,11,10,Cooper,1.1,pupper,https://pbs.twimg.com/media/CbYyCMcWIAAHHjF.jpg,2,golden_retriever,0.808978,True,Irish_setter,0.0424281,True,Labrador_retriever,0.0235364,True,851,2782
699434518667751424,2016-02-16 03:25:58+00:00,I know this is a tad late but here's a wonderful Valentine's Day pupper 12/10 https://t.co/hTE2PEwGvi,12,10,None,1.2,pupper,https://pbs.twimg.com/media/CbTj--1XEAIZjc_.jpg,1,golden_retriever,0.836572,True,kuvasz,0.105946,True,Labrador_retriever,0.025143900000000004,True,468,2037
699036661657767936,2016-02-15 01:05:02+00:00,HAPPY V-DAY FROM YOUR FAV PUPPER SQUAD 13/10 for all https://t.co/7u6VnZ1UFe,13,10,None,1.3,pupper,https://pbs.twimg.com/media/CbN6IW4UYAAyVDA.jpg,1,Chihuahua,0.222943,True,toyshop,0.179938,False,Weimaraner,0.16303299999999998,True,1094,2410
697616773278015490,2016-02-11 03:02:54+00:00,This pupper doubles as a hallway rug. Very rare. Versatile af. 11/10 https://t.co/Jxd5pR02Cn,11,10,None,1.1,pupper,https://pbs.twimg.com/media/Ca5uv7RVAAA_QEg.jpg,1,Lhasa,0.521931,True,Shih-Tzu,0.403451,True,Tibetan_terrier,0.0399122,True,926,2902
697596423848730625,2016-02-11 01:42:02+00:00,Here's a pupper with a piece of pizza. Two of everybody's favorite things in one photo. 11/10 https://t.co/5USjFjKI7Z,11,10,None,1.1,pupper,https://pbs.twimg.com/media/Ca5cPrJXIAImHtD.jpg,1,Shetland_sheepdog,0.621668,True,collie,0.366578,True,Pembroke,0.00769819,True,1136,2791
695074328191332352,2016-02-04 02:40:08+00:00,This is Lorenzo. He's educated af. Just graduated college. 11/10 poor pupper can't even comprehend his debt https://t.co/dH3GzcjCtQ,11,10,Lorenzo,1.1,pupper,https://pbs.twimg.com/media/CaVmajOWYAA1uNG.jpg,1,Shih-Tzu,0.5101060000000001,True,Tibetan_terrier,0.0719809,True,Lhasa,0.069231,True,998,2621
694356675654983680,2016-02-02 03:08:26+00:00,"This pupper only appears through the hole of a Funyun. Much like Phineas, this one is also mysterious af. 10/10 https://t.co/SQsEBWxPyG",10,10,None,1.0,pupper,https://pbs.twimg.com/media/CaLZtmsWQAApbFw.jpg,1,hamster,0.429871,False,Pomeranian,0.144272,True,pretzel,0.12722,False,251,1391
693629975228977152,2016-01-31 03:00:47+00:00,This pupper is afraid of its own feet. 12/10 would comfort https://t.co/Tn9Mp0oPoJ,12,10,None,1.2,pupper,https://pbs.twimg.com/media/CaBEx3SWEAILZpi.jpg,1,pug,0.841987,True,French_bulldog,0.06979110000000001,True,Boston_bull,0.0387199,True,723,2264
693262851218264065,2016-01-30 02:41:58+00:00,I hope you guys enjoy this beautiful snowy pupper as much as I did. 11/10 https://t.co/DYUsHtL2aR,11,10,None,1.1,pupper,https://pbs.twimg.com/media/CZ724fDUYAAytS-.jpg,1,golden_retriever,0.989333,True,Labrador_retriever,0.00794644,True,kuvasz,0.000748932,True,452,2053
693095443459342336,2016-01-29 15:36:45+00:00,This is Milo. He doesn't understand your fancy human gestures. Will lick instead. 10/10 can't faze this pupper https://t.co/OhodPIDOpW,10,10,Milo,1.0,pupper,https://pbs.twimg.com/media/CZ5entwWYAAocEg.jpg,1,ice_lolly,0.660099,False,neck_brace,0.039562900000000005,False,Yorkshire_terrier,0.033487800000000005,True,406,1707
692905862751522816,2016-01-29 03:03:25+00:00,This is Wally. He's being abducted by aliens. 10/10 poor pupper https://t.co/EiF659Bgjn,10,10,Wally,1.0,pupper,https://pbs.twimg.com/media/CZ2yNKhWEAA_7cb.jpg,1,Mexican_hairless,0.162638,True,Doberman,0.15628699999999998,True,Rhodesian_ridgeback,0.0814778,True,791,2243
692828166163931137,2016-01-28 21:54:41+00:00,This pupper just descended from heaven. 12/10 can probably fly https://t.co/X6X9wM7NuS,12,10,None,1.2,pupper,https://pbs.twimg.com/media/CZ1riVOWwAATfGf.jpg,1,Samoyed,0.985857,True,Arctic_fox,0.00785164,False,white_wolf,0.0032777,False,799,2664
692752401762250755,2016-01-28 16:53:37+00:00,"""Hello yes could I get one pupper to go please thank you""
Both 13/10 https://t.co/kYWcXbluUu",13,10,None,1.3,pupper,https://pbs.twimg.com/tweet_video_thumb/CZ0mhduWkAICSGe.png,1,Samoyed,0.471276,True,Siberian_husky,0.15885,True,Eskimo_dog,0.138672,True,3312,6297
690015576308211712,2016-01-21 03:38:27+00:00,This pupper can only sleep on shoes. It's a crippling disease. Tearing his family apart. 12/10 I'd totally pet tho https://t.co/03XlvS8izg,12,10,None,1.2,pupper,https://pbs.twimg.com/media/CZNtgWhWkAAbq3W.jpg,2,malamute,0.949609,True,Siberian_husky,0.0330837,True,Eskimo_dog,0.016662700000000003,True,664,2311
689905486972461056,2016-01-20 20:21:00+00:00,"Say hello to Gizmo. He's quite the pupper. Confused by bed, but agile af. Can barely catch on camera. 11/10 so quick https://t.co/IE4ZblyZRY",11,10,Gizmo,1.1,pupper,https://pbs.twimg.com/media/CZMJYCRVAAE35Wk.jpg,4,Pomeranian,0.943331,True,Shetland_sheepdog,0.0236751,True,chow,0.00716495,True,624,2263
689623661272240129,2016-01-20 01:41:08+00:00,This is Lucy. She's terrified of the stuffed billed dog. 10/10 stay strong pupper https://t.co/QnvSjjyh7n,10,10,Lucy,1.0,pupper,https://pbs.twimg.com/media/CZIJD2SWIAMJgNI.jpg,1,toy_poodle,0.279604,True,mashed_potato,0.208564,False,Labrador_retriever,0.07748089999999999,True,581,2046
689143371370250240,2016-01-18 17:52:38+00:00,Meet Trip. He likes wearing costumes that aren't consistent with the season to screw with people 10/10 tricky pupper https://t.co/40w7TI5Axv,10,10,Trip,1.0,pupper,https://pbs.twimg.com/media/CZBUO2UWsAAKehS.jpg,1,English_springer,0.303781,True,papillon,0.165132,True,Welsh_springer_spaniel,0.149051,True,458,1869
688916208532455424,2016-01-18 02:49:58+00:00,This pupper just wants to say hello. 11/10 would knock down fence for https://t.co/A8X8fwS78x,11,10,None,1.1,pupper,https://pbs.twimg.com/media/CY-Fn1FWEAQhzhs.jpg,1,Pembroke,0.430544,True,red_fox,0.206576,False,Pomeranian,0.154352,True,774,2502
688519176466644993,2016-01-17 00:32:18+00:00,This pupper is sprouting a flower out of her head. 12/10 revolutionary af https://t.co/glmvQBRjv4,12,10,None,1.2,pupper,https://pbs.twimg.com/media/CY4ciRFUMAAovos.jpg,1,Pembroke,0.696372,True,Cardigan,0.121052,True,Shetland_sheepdog,0.050592000000000005,True,661,2155
687818504314159109,2016-01-15 02:08:05+00:00,With great pupper comes great responsibility. 12/10 https://t.co/hK6xB042EP,12,10,None,1.2,pupper,https://pbs.twimg.com/media/CYufR8_WQAAWCqo.jpg,1,Lakeland_terrier,0.873029,True,soft-coated_wheaten_terrier,0.0609242,True,toy_poodle,0.0170309,True,867,2283
687096057537363968,2016-01-13 02:17:20+00:00,This pupper's New Year's resolution was to become a Hershey's kiss. 11/10 she's super pumped about it https://t.co/D7jYj6vdwC,11,10,None,1.1,pupper,https://pbs.twimg.com/media/CYkON6CVAAAPXAc.jpg,1,Labrador_retriever,0.417107,True,Chesapeake_Bay_retriever,0.34173000000000003,True,German_short-haired_pointer,0.177702,True,552,2082
686683045143953408,2016-01-11 22:56:10+00:00,This is Mona. She's a Yarborough Splishnsplash. Lost body during Nam. 11/10 revolutionary pupper https://t.co/pgD6h0yhgz,11,10,Mona,1.1,pupper,https://pbs.twimg.com/media/CYeWlh0WAAADhsj.jpg,1,Norwich_terrier,0.100499,True,cocker_spaniel,0.0806711,True,golden_retriever,0.0794062,True,735,2614
686618349602762752,2016-01-11 18:39:05+00:00,This is Olivia. She just saw an adult wearing crocs. 11/10 poor pupper. No one should witness such a thing https://t.co/yJVTi1DjJc,11,10,Olivia,1.1,pupper,https://pbs.twimg.com/media/CYdbvwjWcAEtjYu.jpg,1,Rottweiler,0.441331,True,miniature_pinscher,0.23318000000000005,True,Gordon_setter,0.093582,True,1240,3417
686377065986265092,2016-01-11 02:40:19+00:00,Meet Birf. He thinks he's gone blind. 10/10 very frightened pupper https://t.co/oDkspjNWYX,10,10,Birf,1.0,pupper,https://pbs.twimg.com/media/CYaAS2kUoAINkye.jpg,1,German_shepherd,0.830816,True,Leonberg,0.0763252,True,bloodhound,0.0374486,True,516,2052
686007916130873345,2016-01-10 02:13:27+00:00,This pupper has a magical eye. 11/10 I can't stop looking at it https://t.co/heAGpKTpPW,11,10,None,1.1,pupper,https://pbs.twimg.com/media/CYUwjz-UAAEcdi8.jpg,1,Rhodesian_ridgeback,0.885301,True,redbone,0.0423354,True,seat_belt,0.010493,False,367,2285
685268753634967552,2016-01-08 01:16:17+00:00,This is Hubertson. He's a Carmel Haberdashery. Enjoys long summer days on his boat. Very peaceful pupper. 10/10 https://t.co/vzCl35fKlZ,10,10,Hubertson,1.0,pupper,https://pbs.twimg.com/media/CYKQS0xUQAEOptC.jpg,1,pug,0.999044,True,Norwegian_elkhound,0.000546586,True,bull_mastiff,0.000235195,True,1078,2845
685169283572338688,2016-01-07 18:41:01+00:00,Meet Gerbald. He just found out he's adopted. Poor pupper. Snazzy tongue tho. 11/10 would hold close in time of need https://t.co/UfGkB9Wrud,11,10,Gerbald,1.1,pupper,https://pbs.twimg.com/media/CYI10WhWsAAjzii.jpg,1,Bernese_mountain_dog,0.975096,True,Appenzeller,0.0145781,True,EntleBucher,0.00594348,True,1281,3786
683828599284170753,2016-01-04 01:53:37+00:00,Breathtaking pupper here. Should be on the cover of Dogue. Top-notch tongue. Appears considerably fluffy. 12/10 https://t.co/Eeh3yfdglS,12,10,None,1.2,pupper,https://pbs.twimg.com/media/CX1ye7HUMAADDzh.jpg,1,malamute,0.577376,True,Siberian_husky,0.287131,True,Eskimo_dog,0.117563,True,973,2590
683481228088049664,2016-01-03 02:53:17+00:00,Meet Banjo. He's a Peppercorn Shoop Da Whoop. Nails look lethal. Skeptical of luminescent orb 11/10 stay woke pupper https://t.co/H7NZFumpKq,11,10,Banjo,1.1,pupper,https://pbs.twimg.com/media/CXw2jSpWMAAad6V.jpg,1,keeshond,0.508951,True,chow,0.442016,True,German_shepherd,0.013206,True,904,2453
683111407806746624,2016-01-02 02:23:45+00:00,This is Larry. He thought the New Year's parties were tonight. 10/10 poor pupper. Maybe next year https://t.co/h3X0jK8MVM,10,10,Larry,1.0,pupper,https://pbs.twimg.com/media/CXrmMSpUwAAdeRj.jpg,1,cocker_spaniel,0.901392,True,soft-coated_wheaten_terrier,0.0286048,True,miniature_schnauzer,0.0178054,True,818,3148
681891461017812993,2015-12-29 17:36:07+00:00,Say hello to Charlie. He's scholarly af. Quite intimidating with all his pupper knowledge 10/10 even built that fire https://t.co/9KThv6z8u5,10,10,Charlie,1.0,pupper,https://pbs.twimg.com/media/CXaQqGbWMAAKEgN.jpg,1,Chihuahua,0.20357,True,doormat,0.13431600000000002,False,toy_terrier,0.0844823,True,746,2275
681694085539872773,2015-12-29 04:31:49+00:00,This is Bo. He's a Benedoop Cumbersnatch. Seems frustrated with own feet. Portable as hell. 11/10 very solid pupper https://t.co/TONMhRoQh7,11,10,Bo,1.1,pupper,https://pbs.twimg.com/media/CXXdJ7CVAAALu23.jpg,1,toy_poodle,0.920992,True,miniature_poodle,0.0608572,True,Maltese_dog,0.00606372,True,3698,11827
681654059175129088,2015-12-29 01:52:46+00:00,This is Toffee. He's a happy pupper. Appears dangerously fluffy. Extraordinarily spherical. 12/10 would pet firmly https://t.co/oEXEKt3MHu,12,10,Toffee,1.2,pupper,https://pbs.twimg.com/media/CXW4wGHWsAE_eBD.jpg,1,Pomeranian,0.800538,True,chow,0.146892,True,Pekinese,0.0376125,True,820,2427
681231109724700672,2015-12-27 21:52:07+00:00,I just love this pic. 11/10 this pupper is going places https://t.co/P16uhh1PbI,11,10,None,1.1,pupper,https://pbs.twimg.com/media/CXQ4EwQWwAEVaUf.jpg,1,Irish_setter,0.406047,True,cocker_spaniel,0.345646,True,Airedale,0.147912,True,441,2242
680836378243002368,2015-12-26 19:43:36+00:00,This is Ellie. She's secretly ferocious. 12/10 very deadly pupper https://t.co/BF4BW8LUgb,12,10,Ellie,1.2,pupper,https://pbs.twimg.com/media/CXLREjOW8AElfk6.jpg,3,Pembroke,0.427781,True,Shetland_sheepdog,0.160669,True,Pomeranian,0.11125,True,1185,3192
680473011644985345,2015-12-25 19:39:43+00:00,"This is Hector. He thinks he's a hammer. Silly Hector. You're a pupper, not a hammer. 10/10 https://t.co/OdUFuZIXiI",10,10,Hector,1.0,pupper,https://pbs.twimg.com/media/CXGGlzvWYAArPfk.jpg,1,Lakeland_terrier,0.796694,True,West_Highland_white_terrier,0.138709,True,Norwich_terrier,0.016253399999999998,True,674,2345
680191257256136705,2015-12-25 01:00:07+00:00,Here's a sleepy Christmas pupper 11/10 https://t.co/KXg0f8GNQ9,11,10,None,1.1,pupper,https://pbs.twimg.com/media/CXCGVXyWsAAAVHE.jpg,1,Brittany_spaniel,0.7332529999999999,True,Welsh_springer_spaniel,0.251634,True,English_springer,0.00924321,True,442,1982
680145970311643136,2015-12-24 22:00:10+00:00,Say hello to Kawhi. He was doing fine until his hat fell off. He got it back though. 10/10 deep breaths pupper https://t.co/N5pM6WBx7e,10,10,Kawhi,1.0,pupper,https://pbs.twimg.com/media/CXBdJxLUsAAWql2.jpg,1,miniature_poodle,0.457117,True,toy_poodle,0.226481,True,Maltese_dog,0.0676815,True,1563,3315
680100725817409536,2015-12-24 19:00:23+00:00,This pupper is not coming inside until she catches a snowflake on her tongue. 11/10 the determination is palpable https://t.co/lvMYbmKq8H,11,10,None,1.1,pupper,https://pbs.twimg.com/media/CW-loUBWYAAn2Cb.jpg,1,golden_retriever,0.6989609999999999,True,chow,0.14597100000000002,True,Pomeranian,0.034888,True,1253,3306
679828447187857408,2015-12-24 00:58:27+00:00,Everybody look at this beautiful pupper 13/10 https://t.co/hyAC5Hq9GC,13,10,None,1.3,pupper,https://pbs.twimg.com/media/CW88XN4WsAAlo8r.jpg,3,Chihuahua,0.346545,True,dalmatian,0.166246,True,toy_terrier,0.117502,True,12614,33200
679777920601223168,2015-12-23 21:37:40+00:00,This is Rinna. She's melting. 10/10 get inside pupper https://t.co/PA0czwucsb,10,10,Rinna,1.0,pupper,https://pbs.twimg.com/media/CW8OYajUMAAPRoF.jpg,1,bloodhound,0.5288189999999999,True,bull_mastiff,0.420119,True,French_bulldog,0.00948059,True,998,2857
678800283649069056,2015-12-21 04:52:53+00:00,Here's a pupper with some mean tan lines. Snazzy sweater though 12/10 https://t.co/DpCSVsl6vu,12,10,None,1.2,pupper,https://pbs.twimg.com/media/CWuVQSLW4AAI3w9.jpg,1,Labrador_retriever,0.213673,True,beagle,0.146235,True,Airedale,0.122701,True,821,2357
678389028614488064,2015-12-20 01:38:42+00:00,"This is Bella. She just learned that her final grade in chem was a 92.49 
poor pupper 11/10 https://t.co/auOoKuoveM",11,10,Bella,1.1,pupper,https://pbs.twimg.com/media/CWofOHUWUAACGVa.jpg,1,miniature_pinscher,0.516284,True,kelpie,0.227402,True,vizsla,0.103246,True,383,1715
678341075375947776,2015-12-19 22:28:09+00:00,This pupper likes tape. 12/10 https://t.co/cSp6w5GWgm,12,10,None,1.2,pupper,https://pbs.twimg.com/media/CWnznDTU4AAa-6P.jpg,1,golden_retriever,0.853284,True,cocker_spaniel,0.0262298,True,Labrador_retriever,0.0241228,True,473,1577
678278586130948096,2015-12-19 18:19:51+00:00,Another spooky pupper here. Most definitely floating. No legs. Probably knows some dark magic. 10/10 very spooked https://t.co/JK8MByRzgj,10,10,None,1.0,pupper,https://pbs.twimg.com/media/CWm6xySUEAAqfFU.jpg,1,Maltese_dog,0.897841,True,Lhasa,0.0357175,True,Tibetan_terrier,0.017107499999999998,True,5498,10425
677557565589463040,2015-12-17 18:34:46+00:00,Reckless pupper here. Not even looking at road. Absolute menace. No regard for fellow pupper lives. 10/10 still cute https://t.co/96IBkOYB7j,10,10,None,1.0,pupper,https://pbs.twimg.com/media/CWcrAVQWEAA6QMp.jpg,1,seat_belt,0.27725700000000003,False,Shih-Tzu,0.249017,True,Pekinese,0.209213,True,1018,2223
676819651066732545,2015-12-15 17:42:34+00:00,Watch out Airbud. This pupper is also good at the sports. 12/10 I'm thinking D1 https://t.co/1HrFdo7M0C,12,10,None,1.2,pupper,https://pbs.twimg.com/media/CWSL4W8WsAAE4KU.jpg,2,rain_barrel,0.625555,False,barrel,0.138383,False,Labrador_retriever,0.0394646,True,602,1656
676617503762681856,2015-12-15 04:19:18+00:00,I promise this wasn't meant to be a cuteness overload account but ermergerd look at this cozy pupper. 13/10 https://t.co/mpQl2rJjDh,13,10,None,1.3,pupper,https://pbs.twimg.com/media/CWPUB9TWwAALPPx.jpg,1,Chihuahua,0.841084,True,Pomeranian,0.12053,True,Pekinese,0.00660034,True,856,2616
676470639084101634,2015-12-14 18:35:43+00:00,Three generations of pupper. 11/10 for all https://t.co/tAmQYvzrau,11,10,None,1.1,pupper,https://pbs.twimg.com/media/CWNOdIpWoAAWid2.jpg,1,golden_retriever,0.7903859999999999,True,borzoi,0.0228851,True,dingo,0.0153434,False,4185,10598
676263575653122048,2015-12-14 04:52:55+00:00,All this pupper wanted to do was go skiing. No one told him about the El Ni√±o. Poor pupper. 10/10 maybe next year https://t.co/fTgbq1UBR9,10,10,None,1.0,pupper,https://pbs.twimg.com/media/CWKSIfUUYAAiOBO.jpg,1,teddy,0.0982826,False,toy_poodle,0.0980293,True,shopping_basket,0.07785210000000001,False,484,1894
675898130735476737,2015-12-13 04:40:46+00:00,I'm sure you've all seen this pupper. Not prepared at all for the flying disc of terror. 10/10 https://t.co/G0pQiFGM7O,10,10,None,1.0,pupper,https://pbs.twimg.com/media/CWFFt3_XIAArIYK.jpg,1,Labrador_retriever,0.40743,True,malinois,0.0770367,True,pug,0.0745973,True,505,1449
675845657354215424,2015-12-13 01:12:15+00:00,"This is Pepper. She's not fully comfortable riding her imaginary bike yet. 10/10 don't worry pupper, it gets easier https://t.co/40dj4eTsXG",10,10,Pepper,1.0,pupper,https://pbs.twimg.com/media/CWEWClfW4AAnqhG.jpg,1,pug,0.8839520000000001,True,Boston_bull,0.0110568,True,French_bulldog,0.00983981,True,780,2049
675740360753160193,2015-12-12 18:13:51+00:00,Here's a pupper licking in slow motion. 12/10 please enjoy https://t.co/AUJi8ujxw9,12,10,None,1.2,pupper,https://pbs.twimg.com/ext_tw_video_thumb/675740268751138818/pu/img/dVaVeFAVT-lk_1ZV.jpg,1,golden_retriever,0.800495,True,kuvasz,0.0977564,True,Saluki,0.0684146,True,296,1062
675334060156301312,2015-12-11 15:19:21+00:00,Good morning here's a grass pupper. 12/10 https://t.co/2d68FmWGGs,12,10,None,1.2,pupper,https://pbs.twimg.com/media/CV9EvZNUwAAgLCK.jpg,2,Pembroke,0.773135,True,Cardigan,0.11681,True,chow,0.0390362,True,1135,2492
675006312288268288,2015-12-10 17:37:00+00:00,Say hello to Mollie. This pic was taken after she bet all her toys on Ronda Rousey. 10/10 hang in there pupper https://t.co/QMmAqA9VqO,10,10,Mollie,1.0,pupper,https://pbs.twimg.com/media/CV4aqCwWsAIi3OP.jpg,1,boxer,0.654697,True,space_heater,0.043388800000000005,False,beagle,0.0428476,True,201,876
674774481756377088,2015-12-10 02:15:47+00:00,This is Superpup. His head isn't proportional to his body. Has yet to serve any justice. 11/10 maybe one day pupper https://t.co/gxIFgg8ktm,11,10,Superpup,1.1,pupper,https://pbs.twimg.com/media/CV1HztsWoAAuZwo.jpg,1,Chihuahua,0.407016,True,French_bulldog,0.30997800000000003,True,Siamese_cat,0.227677,False,411,990
674737130913071104,2015-12-09 23:47:22+00:00,Meet Rufio. He is unaware of the pink legless pupper wrapped around him. Might want to get that checked 10/10 &amp; 4/10 https://t.co/KNfLnYPmYh,10,10,Rufio,1.0,pupper,https://pbs.twimg.com/media/CV0l10AU8AAfg-a.jpg,1,Pomeranian,0.948537,True,schipperke,0.0143099,True,Chihuahua,0.00812024,True,80,580
674638615994089473,2015-12-09 17:15:54+00:00,This pupper is fed up with being tickled. 12/10 I'm currently working on an elaborate heist to steal this dog https://t.co/F33n1hy3LL,12,10,None,1.2,pupper,https://pbs.twimg.com/media/CVzMPh1UsAELQ_p.jpg,1,Pomeranian,0.846986,True,chow,0.142014,True,keeshond,0.00260504,True,513,1518
674447403907457024,2015-12-09 04:36:06+00:00,This pupper just wants a belly rub. This pupper has nothing to do w the tree being sideways now. 10/10 good pupper https://t.co/AyJ7Ohk71f,10,10,None,1.0,pupper,https://pbs.twimg.com/media/CVweVUfW4AACPwI.jpg,1,Brabancon_griffon,0.409909,True,malinois,0.244649,True,bull_mastiff,0.07481950000000001,True,315,957
674038233588723717,2015-12-08 01:30:12+00:00,This is Kaiya. She's an aspiring shoe model. 12/10 follow your dreams pupper https://t.co/nX8FiGRHvk,12,10,Kaiya,1.2,pupper,https://pbs.twimg.com/media/CVqqMtiVEAEye_L.jpg,1,Eskimo_dog,0.358459,True,Norwegian_elkhound,0.206963,True,malamute,0.14823599999999998,True,369,980
673919437611909120,2015-12-07 17:38:09+00:00,This is Obie. He is on guard watching for evildoers from the comfort of his pumpkin. Very brave pupper. 11/10 https://t.co/cdwPTsGEAb,11,10,Obie,1.1,pupper,https://pbs.twimg.com/media/CVo-JuMWwAAet6F.jpg,1,jack-o'-lantern,0.172079,False,schipperke,0.115984,True,miniature_pinscher,0.052175,True,327,1057
673707060090052608,2015-12-07 03:34:14+00:00,This is Raymond. He's absolutely terrified of floating tennis ball. 10/10 it'll be ok pupper https://t.co/QyH1CaY3SM,10,10,Raymond,1.0,pupper,https://pbs.twimg.com/media/CVl8_EPWoAAcuSC.jpg,1,German_short-haired_pointer,0.935771,True,kelpie,0.022561,True,Labrador_retriever,0.00884665,True,346,990
673656262056419329,2015-12-07 00:12:23+00:00,This is Albert AKA King Banana Peel. He's a kind ruler of the kitchen. Very jubilant pupper. 10/10 overall great dog https://t.co/PN8hxgZ9We,10,10,Albert,1.0,pupper,https://pbs.twimg.com/media/CVlOy3pW4AQ9H1K.jpg,1,bull_mastiff,0.700625,True,Rhodesian_ridgeback,0.0946977,True,Brabancon_griffon,0.0575594,True,199,650
673342308415348736,2015-12-06 03:24:51+00:00,This is Django. He's a skilled assassin pupper. 10/10 https://t.co/w0YTuiRd1a,10,10,Django,1.0,pupper,https://pbs.twimg.com/media/CVgxQc5XIAAYL0W.jpg,1,ski_mask,0.981017,False,Chihuahua,0.013559200000000002,True,kelpie,0.00065218,True,492,1139
672988786805112832,2015-12-05 04:00:04+00:00,This is Schnozz. He's had a blurred tail since birth. Hasn't let that stop him. 10/10 inspirational pupper https://t.co/a3zYMcvbXG,10,10,Schnozz,1.0,pupper,https://pbs.twimg.com/media/CVbvjKqW4AA_CuD.jpg,1,Lakeland_terrier,0.8366319999999999,True,West_Highland_white_terrier,0.07389960000000001,True,wire-haired_fox_terrier,0.0381601,True,254,878
672975131468300288,2015-12-05 03:05:49+00:00,This is Chuckles. He is one skeptical pupper. 10/10 stay woke Chuckles https://t.co/ZlcF0TIRW1,10,10,Chuckles,1.0,pupper,https://pbs.twimg.com/media/CVbjRSIWsAElw2s.jpg,1,pug,0.8364209999999999,True,Brabancon_griffon,0.044667800000000014,True,French_bulldog,0.0365705,True,783,1498
672622327801233409,2015-12-04 03:43:54+00:00,This lil pupper is sad because we haven't found Kony yet. RT to spread awareness. 12/10 would pet firmly https://t.co/Cv7dRdcMvQ,12,10,None,1.2,pupper,https://pbs.twimg.com/media/CVWicBbUYAIomjC.jpg,1,golden_retriever,0.952773,True,Labrador_retriever,0.010835,True,clumber,0.00878601,True,423,1151
672481316919734272,2015-12-03 18:23:34+00:00,Say hello to Jazz. She should be on the cover of Vogue. 12/10 gorgeous pupper https://t.co/mVCMemhXAP,12,10,Jazz,1.2,pupper,https://pbs.twimg.com/media/CVUiMUeW4AEQgkU.jpg,1,Border_collie,0.599454,True,collie,0.106227,True,Shetland_sheepdog,0.0944649,True,110,640
672254177670729728,2015-12-03 03:21:00+00:00,This is Rolf. He's having the time of his life. 11/10 good pupper https://t.co/OO6MqEbqG3,11,10,Rolf,1.1,pupper,https://pbs.twimg.com/media/CVRTmz1WcAA4uMF.jpg,1,pug,0.979487,True,French_bulldog,0.0168504,True,Norwegian_elkhound,0.00161754,True,652,1277
889665388333682689,2017-07-25 01:55:32+00:00,Here's a puppo that seems to be on the fence about something haha no but seriously someone help her. 13/10 https://t.co/BxvuXk0UCm,13,10,None,1.3,puppo,https://pbs.twimg.com/media/DFi579UWsAAatzw.jpg,1,Pembroke,0.966327,True,Cardigan,0.0273557,True,basenji,0.00463323,True,8353,42058
889531135344209921,2017-07-24 17:02:04+00:00,This is Stuart. He's sporting his favorite fanny pack. Secretly filled with bones only. 13/10 puppared puppo #BarkWeek https://t.co/y70o6h3isq,13,10,Stuart,1.3,puppo,https://pbs.twimg.com/media/DFg_2PVW0AEHN3p.jpg,1,golden_retriever,0.953442,True,Labrador_retriever,0.0138341,True,redbone,0.00795775,True,1882,13353
878776093423087618,2017-06-25 00:45:22+00:00,This is Snoopy. He's a proud #PrideMonthPuppo. Impeccable handwriting for not having thumbs. 13/10 would love back #PrideMonth https://t.co/lNZwgNO4gS,13,10,Snoopy,1.3,puppo,https://pbs.twimg.com/media/DDIKMXzW0AEibje.jpg,2,Italian_greyhound,0.734684,True,whippet,0.15048699999999998,True,Ibizan_hound,0.0397246,True,3433,17139
874012996292530176,2017-06-11 21:18:31+00:00,"This is Sebastian. He can't see all the colors of the rainbow, but he can see that this flag makes his human happy. 13/10 #PrideMonth puppo https://t.co/XBE0evJZ6V",13,10,Sebastian,1.3,puppo,https://pbs.twimg.com/media/DCEeLxjXsAAvNSM.jpg,2,Cardigan,0.806674,True,Pembroke,0.116622,True,kelpie,0.0491819,True,8595,30126
867421006826221569,2017-05-24 16:44:18+00:00,This is Shikha. She just watched you drop a skittle on the ground and still eat it. Could not be less impressed. 12/10 superior puppo https://t.co/XZlZKd73go,12,10,Shikha,1.2,puppo,https://pbs.twimg.com/media/DAmyy8FXYAIH8Ty.jpg,1,Eskimo_dog,0.6164569999999999,True,Siberian_husky,0.38133,True,malamute,0.00167022,True,2118,14347
859607811541651456,2017-05-03 03:17:27+00:00,Sorry for the lack of posts today. I came home from school and had to spend quality time with my puppo. Her name is Zoey and she's 13/10 https://t.co/BArWupFAn0,13,10,None,1.3,puppo,https://pbs.twimg.com/media/C-3wvtxXcAUTuBE.jpg,1,golden_retriever,0.8955290000000001,True,Irish_setter,0.0240993,True,Labrador_retriever,0.0192854,True,1366,16840
855851453814013952,2017-04-22 18:31:02+00:00,Here's a puppo participating in the #ScienceMarch. Cleverly disguising her own doggo agenda. 13/10 would keep the planet habitable for https://t.co/cMhq16isel,13,10,None,1.3,puppo,https://pbs.twimg.com/media/C-CYWrvWAAU8AXH.jpg,1,flat-coated_retriever,0.321676,True,Labrador_retriever,0.115138,True,groenendael,0.0960997,True,16141,41919
825535076884762624,2017-01-29 02:44:34+00:00,Here's a very loving and accepting puppo. Appears to have read her Constitution well. 14/10 would pat head approvingly https://t.co/6ao80wIpV1,14,10,None,1.4,puppo,https://pbs.twimg.com/media/C3TjvitXAAAI-QH.jpg,1,Rottweiler,0.681495,True,Tibetan_mastiff,0.14794000000000002,True,black-and-tan_coonhound,0.0245252,True,16364,53995
825026590719483904,2017-01-27 17:04:02+00:00,"Say hello to Pablo. He's one gorgeous puppo. A true 12/10. Click the link to see why Pablo requests your assistance

https://t.co/koHvVQp9bL https://t.co/IhW0JKf7kc",12,10,Pablo,1.2,puppo,https://pbs.twimg.com/media/C3MVTeHWcAAGNfx.jpg,2,Eskimo_dog,0.524454,True,Siberian_husky,0.467678,True,malamute,0.00497584,True,1168,5910
822872901745569793,2017-01-21 18:26:02+00:00,Here's a super supportive puppo participating in the Toronto  #WomensMarch today. 13/10 https://t.co/nTz3FtorBc,13,10,None,1.3,puppo,https://pbs.twimg.com/media/C2tugXLXgAArJO4.jpg,1,Lakeland_terrier,0.196015,True,Labrador_retriever,0.160329,True,Irish_terrier,0.0691262,True,39931,124124
819952236453363712,2017-01-13 17:00:21+00:00,"This is Oliver. He has dreams of being a service puppo so he can help his owner. 13/10 selfless af

make it happen:
https://t.co/f5WMsx0a9K https://t.co/6lJz0DKZIb",13,10,Oliver,1.3,puppo,https://pbs.twimg.com/media/C2EONHNWQAUWxkP.jpg,1,American_Staffordshire_terrier,0.925505,True,Staffordshire_bullterrier,0.0362215,True,Italian_greyhound,0.020411900000000004,True,1082,5015
803773340896923648,2016-11-30 01:31:12+00:00,This is Diogi. He fell in the pool as soon as he was brought home. Clumsy puppo. 12/10 would pet until dry https://t.co/ZxeRjMKaWt,12,10,Diogi,1.2,puppo,https://pbs.twimg.com/media/CyeTku-XcAALkBd.jpg,2,miniature_pinscher,0.817066,True,redbone,0.0597065,True,Irish_terrier,0.0341952,True,2591,9566
802239329049477120,2016-11-25 19:55:35+00:00,This is Loki. He'll do your taxes for you. Can also make room in your budget for all the things you bought today. 12/10 what a puppo https://t.co/5oWrHCWg87,12,10,Loki,1.2,puppo,https://pbs.twimg.com/media/CyIgaTEVEAA-9zS.jpg,2,Eskimo_dog,0.482498,True,Siberian_husky,0.335774,True,malamute,0.134589,True,2460,8650
793195938047070209,2016-10-31 21:00:23+00:00,Say hello to Lily. She's pupset that her costume doesn't fit as well as last year. 12/10 poor puppo https://t.co/YSi6K1firY,12,10,Lily,1.2,puppo,https://pbs.twimg.com/media/CwH_foYWgAEvTyI.jpg,2,Labrador_retriever,0.654762,True,golden_retriever,0.0741,True,Chihuahua,0.0423393,True,5282,14468
790946055508652032,2016-10-25 16:00:09+00:00,This is Betty. She's assisting with the dishes. Such a good puppo. 12/10 h*ckin helpful af https://t.co/dgvTPZ9tgI,12,10,Betty,1.2,puppo,https://pbs.twimg.com/media/CvoBPWRWgAA4het.jpg,1,dishwasher,0.700466,False,golden_retriever,0.245773,True,chow,0.0390117,True,4393,15870
787717603741622272,2016-10-16 18:11:26+00:00,This is Tonks. She is a service puppo. Can hear a caterpillar hiccup from 7 miles away. 13/10 would follow anywhere https://t.co/i622ZbWkUp,13,10,Tonks,1.3,puppo,https://pbs.twimg.com/media/Cu6I9vvWIAAZG0a.jpg,3,German_shepherd,0.992339,True,malinois,0.00492039,True,kelpie,0.0008528019999999999,True,2588,9715
756275833623502848,2016-07-21 23:53:04+00:00,When ur older siblings get to play in the deep end but dad says ur not old enough. Maybe one day puppo. All 10/10 https://t.co/JrDAzMhwG9,10,10,None,1.0,puppo,https://pbs.twimg.com/media/Cn7U2xlW8AI9Pqp.jpg,1,Airedale,0.602957,True,Irish_terrier,0.0869808,True,bloodhound,0.08627649999999999,True,1408,5984
752519690950500352,2016-07-11 15:07:30+00:00,Hopefully this puppo on a swing will help get you through your Monday. 11/10 would push https://t.co/G54yClasz2,11,10,None,1.1,puppo,https://pbs.twimg.com/media/CnF8qVDWYAAh0g1.jpg,3,swing,0.999984,False,Labrador_retriever,1.00288e-05,True,Eskimo_dog,1.43447e-06,True,3157,6869
751132876104687617,2016-07-07 19:16:47+00:00,This is Cooper. He's just so damn happy. 10/10 what's your secret puppo? https://t.co/yToDwVXEpA,10,10,Cooper,1.0,puppo,https://pbs.twimg.com/media/CmyPXNOW8AEtaJ-.jpg,1,Labrador_retriever,0.92939,True,Chesapeake_Bay_retriever,0.0382535,True,golden_retriever,0.0076102,True,1188,4731
743253157753532416,2016-06-16 01:25:36+00:00,"This is Kilo. He cannot reach the snackum. Nifty tongue, but not nifty enough. 10/10 maybe one day puppo https://t.co/gSmp31Zrsx",10,10,Kilo,1.0,puppo,https://pbs.twimg.com/media/ClCQzFUUYAA5vAu.jpg,1,malamute,0.442612,True,Siberian_husky,0.368137,True,Eskimo_dog,0.177822,True,1124,3936
738537504001953792,2016-06-03 01:07:16+00:00,This is Bayley. She fell asleep trying to escape her evil fence enclosure. 11/10 night night puppo https://t.co/AxSiqAKEKu,11,10,Bayley,1.1,puppo,https://pbs.twimg.com/media/Cj_P7rSUgAAYQbz.jpg,1,chow,0.808737,True,gibbon,0.028942400000000007,False,Pembroke,0.026497900000000005,True,1401,4708
